cbs_code,authority_name,authority_name_moin,moin_code_col_a,moin_code_col_c,municipal_status,district,population_2024,socio_cluster_2021,socio_rank_2021,socio_value_2021,periphery_cluster_2020,periphery_rank_2020,periphery_value_2020,arnona_residential_4138_tk,arnona_other_4146_tk,arnona_total_4162_tk,arnona_sum_check_diff,arnona_identity_valid,balancing_grant_1819_tk,own_revenue_1805_tk,regular_budget_revenue_40814_tk,regular_budget_expense_40811_tk,education_expense_1486_tk,education_revenue_1384_tk,education_net_difference_tk,municipal_education_self_funding_rate,arnona_other_per_capita_nis,own_revenues_per_capita_nis,own_revenue_share_pct
"2710","אום אל-פחם","אום אל-פחם","3008","92710","עירייה","חיפה",60209,2,21,-1.26558136987645,5,146,0.174701596728514,50764,25822,76586,0,true,43414,131844,473292,478734,250285,216806,33479,13.38,428.87,2189.77,27.86
"31","אופקים","אופקים","2825","50031","עירייה","הדרום",39893,3,63,-0.729950890181144,3,66,-0.467068117421229,42779,21873,64652,0,true,54190,133854,336435,336437,130745,96921,33824,25.87,548.29,3355.33,39.79
"2400","אור יהודה","אור יהודה","2844","52400","עירייה","תל אביב",41130,5,134,0.00540046441061977,8,241,2.4845618745274,72649,108741,181390,0,true,1595,307974,479685,479675,183920,115974,67946,36.94,2643.84,7487.82,64.2
"1020","אור עקיבא","אור עקיבא","2836","51020","עירייה","חיפה",25922,5,131,-0.00937863600593537,6,167,0.422480993230616,38344,36423,74767,0,true,13126,153663,250622,255119,82321,68809,13512,16.41,1405.1,5927.9,61.31
"2600","אילת","אילת","2788","32600","עירייה","הדרום",56004,6,145,0.151388571478724,1,1,-2.48389573900517,88481,263158,351639,0,true,0,491849,771666,776464,245561,205089,40472,16.48,4698.91,8782.39,63.74
"1309","אלעד","אלעד","2918","81309","עירייה","המרכז",50846,2,17,-1.45199767655184,7,224,1.51792210385811,37853,14083,51936,0,true,38548,105860,295748,295658,112295,83029,29266,26.06,276.97,2081.97,35.79
"3570","אריאל","אריאל","2922","83570","עירייה","אזור יהודה והשומרון",22191,6,154,0.22708756891988,5,151,0.220762816096218,25471,36945,62416,0,true,9925,107053,182115,185818,60243,41645,18598,30.87,1664.86,4824.16,58.78
"70","אשדוד","אשדוד","2781","30070","עירייה","הדרום",228562,5,107,-0.245564439646911,7,211,1.20621099163369,319225,594540,913765,0,true,0,1501367,2346531,2346260,930218,691159,239059,25.7,2601.22,6568.75,63.98
"7100","אשקלון","אשקלון","2794","37100","עירייה","הדרום",166864,5,114,-0.134689456330788,6,177,0.571492114081238,203201,395705,598906,0,true,0,998738,1553702,1553699,577133,401407,175726,30.45,2371.42,5985.34,64.28
"6000","באקה אל-גרביה","באקה אל-גרבייה","3016","96000","עירייה","חיפה",31275,4,81,-0.560439029995271,6,170,0.454415130991921,30899,15144,46043,0,true,20328,75129,226129,229230,112539,101611,10928,9.71,484.22,2402.21,33.22
"2530","באר יעקב","באר יעקב","2875","62530","עירייה","המרכז",37491,7,197,0.782741778544783,8,233,1.99659876403229,62700,52931,115631,0,true,0,250123,364272,364173,150490,87593,62897,41.79,1411.83,6671.55,68.66
"9000","באר שבע","באר שבע","2802","39000","עירייה","הדרום",223587,5,117,-0.111061644034676,5,145,0.165809514096028,373049,555323,928372,0,true,0,1648195,2567096,2566883,902349,699539,202810,22.48,2483.7,7371.6,64.2
"9200","בית שאן","בית שאן","2851","59200","עירייה","הצפון",20252,4,97,-0.391525848127436,3,47,-0.609493399747518,25398,23844,49242,0,true,26559,100789,219329,251096,72133,46559,25574,35.45,1177.37,4976.74,45.95
"2610","בית שמש","בית שמש","2846","52610","עירייה","ירושלים",176786,2,15,-1.48493135632558,6,183,0.671239512610704,160194,148438,308632,0,true,61719,487883,988773,1025274,388441,266974,121467,31.27,839.65,2759.74,49.34
"3780","ביתר עילית","ביתר עילית","2850","53780","עירייה","אזור יהודה והשומרון",71697,2,10,-1.91954367084584,5,165,0.333123102538583,34353,23878,58231,0,true,61528,135623,410918,405178,143789,125122,18667,12.98,333.04,1891.61,33
"6100","בני ברק","בני ברק","2768","26100","עירייה","תל אביב",229996,2,14,-1.62747909879985,10,252,3.99418166541613,157458,383246,540704,0,true,101484,1033733,2102395,2115482,910009,755145,154864,17.02,1666.32,4494.57,49.17
"6200","בת ים","בת ים","2769","26200","עירייה","תל אביב",129494,5,109,-0.219492845662228,9,243,2.68342337876259,233045,158392,391437,0,true,53329,704962,1171350,1171089,361908,247593,114315,31.59,1223.16,5443.97,60.18
"681","גבעת שמואל","גבעת שמואל","2806","40681","עירייה","המרכז",29405,8,215,1.13506035246151,10,251,3.89964384721089,65385,27920,93305,0,true,0,162183,237555,232700,93374,61297,32077,34.35,949.5,5515.49,68.27
"6300","גבעתיים","גבעתיים","2770","26300","עירייה","תל אביב",58601,9,244,1.56890733568276,10,255,4.97287929611003,157327,102292,259619,0,true,0,410424,571589,570834,192661,128760,63901,33.17,1745.57,7003.7,71.8
"229","גני תקווה","גני תקווה","2827","50229","עירייה","המרכז",25488,9,239,1.47448107069317,9,246,2.92299140170836,69253,7182,76435,0,true,921,127559,213190,213616,103741,77016,26725,25.76,281.78,5004.67,59.83
"2200","דימונה","דימונה","2786","32200","עירייה","הדרום",39590,4,98,-0.387165506931132,2,22,-0.969496988743827,51273,72983,124256,0,true,40756,214242,423390,423140,127045,88395,38650,30.42,1843.47,5411.52,50.6
"9700","הוד השרון","הוד השרון","2881","69700","עירייה","המרכז",66398,9,243,1.56742905818758,8,236,2.12825796985983,174066,128382,302448,0,true,0,452401,682323,682274,304323,208136,96187,31.61,1933.52,6813.47,66.3
"6400","הרצלייה","הרצליה","2771","26400","עירייה","תל אביב",110884,8,232,1.36071610391604,8,235,2.1274916816227,267728,401412,669140,0,true,0,939042,1292446,1215527,468167,278057,190110,40.61,3620.11,8468.69,72.66
"6500","חדרה","חדרה","2772","26500","עירייה","חיפה",107974,6,148,0.184153504149755,6,189,0.780257057837288,187859,264216,452075,0,true,0,635070,923300,922505,285956,170955,115001,40.22,2447.03,5881.69,68.78
"6600","חולון","חולון","2773","26600","עירייה","תל אביב",191829,7,162,0.37123578034438,9,247,3.04956408875465,328181,431848,760029,0,true,0,1266223,1941209,1841145,766423,528315,238108,31.07,2251.21,6600.79,65.23
"4000","חיפה","חיפה","2753","14000","עירייה","חיפה",297082,7,164,0.390612174986643,6,198,0.907848064704507,639414,1003344,1642758,0,true,0,2919321,3779190,3778802,892236,595687,296549,33.24,3377.33,9826.65,77.25
"1247","חריש","חריש","2914","81247","עירייה","חיפה",41574,5,111,-0.182033165303213,5,150,0.206454630254043,72006,11577,83583,0,true,18153,168783,390156,416274,209140,175699,33441,15.99,278.47,4059.82,43.26
"6700","טבריה","טבריה","2791","36700","עירייה","הצפון",52123,3,55,-0.77858470780807,3,54,-0.561944541902721,63405,97455,160860,0,true,32028,251672,478977,478850,144195,114509,29686,20.59,1869.71,4828.43,52.54
"2730","טייבה","טייבה","3010","92730","עירייה","המרכז",46870,3,71,-0.679551234395242,6,199,0.923731000460152,39174,10151,49325,0,true,29886,91427,220885,220465,84404,74833,9571,11.34,216.58,1950.65,41.39
"2720","טירה","טירה","3009","92720","עירייה","המרכז",27680,5,104,-0.274896250644097,6,209,1.11240415517028,22382,17444,39826,0,true,12309,67668,155492,158679,57941,48677,9264,15.99,630.2,2444.65,43.52
"2100","טירת כרמל","טירת כרמל","2843","52100","עירייה","חיפה",32167,6,142,0.108314056835817,5,128,0.0495804846466146,47570,67104,114674,0,true,19166,200956,341080,341056,108753,70944,37809,34.77,2086.11,6247.27,58.92
"8900","טמרה","טמרה","3018","98900","עירייה","הצפון",36918,3,56,-0.773227408708961,4,120,-0.0478690433078938,34702,18425,53127,0,true,30029,79029,292012,316142,156271,139341,16930,10.83,499.08,2140.66,27.06
"2660","יבנה","יבנה","2848","52660","עירייה","המרכז",58090,7,171,0.513738427359783,7,215,1.28102000904515,105288,136037,241325,0,true,0,323456,548178,548033,245277,176892,68385,27.88,2341.83,5568.19,59.01
"9400","יהוד-מונוסון","יהוד-מונוסון","2852","59400","עירייה","המרכז",32146,7,206,0.962620481770494,8,238,2.28009918555602,75549,76130,151679,0,true,0,200588,278529,273754,90775,51607,39168,43.15,2368.26,6239.91,72.02
"240","יקנעם עילית","יקנעם עילית","2860","60240","עירייה","הצפון",24928,7,199,0.795086717880612,5,130,0.0615613343138869,34455,71068,105523,0,true,433,163347,272982,275164,125673,91762,33911,26.98,2850.93,6552.75,59.84
"3000","ירושלים","ירושלים","2752","13000","עירייה","ירושלים",1050153,2,25,-1.19647773464424,9,250,3.49093523232998,1286937,1404050,2690987,0,true,1107000,4830754,9173491,9173069,3153868,2154459,999409,31.69,1337,4600.05,52.66
"168","כפר יונה","כפר יונה","2857","60168","עירייה","המרכז",29820,7,196,0.781458473287862,6,201,0.937810569747549,64259,12311,76570,0,true,7844,120722,253319,253294,125902,102517,23385,18.57,412.84,4048.36,47.66
"6900","כפר סבא","כפר סבא","2774","26900","עירייה","המרכז",99410,8,218,1.19214036094155,8,230,1.9475765315756,231138,241796,472934,0,true,0,754821,1145826,1142353,507753,345191,162562,32.02,2432.31,7593.01,65.88
"634","כפר קאסם","כפר קאסם","2985","90634","עירייה","המרכז",27996,4,79,-0.573980426544211,7,219,1.438294318822,24040,36541,60581,0,true,15537,83760,232207,236085,132576,105020,27556,20.79,1305.22,2991.86,36.07
"654","כפר קרע","כפר קרע","2988","90654","עירייה","חיפה",21066,5,116,-0.111752450209526,5,154,0.242903960890722,25855,6625,32480,0,true,17084,53458,155013,154738,74112,65813,8299,11.2,314.49,2537.64,34.49
"1139","כרמיאל","כרמיאל","2840","51139","עירייה","הצפון",47941,5,137,0.0196535921530683,4,88,-0.282112620531098,78391,138273,216664,0,true,4216,289744,448188,463181,117958,66771,51187,43.39,2884.23,6043.76,64.65
"7000","לוד","לוד","2793","37000","עירייה","המרכז",94189,3,61,-0.738284963348778,8,228,1.74032364672705,85479,166481,251960,0,true,38037,394940,752646,750064,281565,210759,70806,25.15,1767.52,4193.06,52.47
"481","מגאר","מגאר","2941","90481","עירייה","הצפון",23486,3,53,-0.792888220115192,3,58,-0.535551025362093,17502,9582,27084,0,true,40074,54063,217980,218168,99864,89985,9879,9.89,407.99,2301.92,24.8
"874","מגדל העמק","מגדל העמק","2833","50874","עירייה","הצפון",28430,4,96,-0.397523007116569,4,124,0.00445543496013614,32147,68482,100629,0,true,17571,146175,265788,267760,94081,60620,33461,35.57,2408.79,5141.58,55
"1200","מודיעין-מכבים-רעות","מודיעין-מכבים-רעות","2913","81200","עירייה","המרכז",100052,8,237,1.42016822765406,6,210,1.12832343480572,224994,179763,404757,0,true,0,539707,935551,932398,456325,352829,103496,22.68,1796.7,5394.26,57.69
"3797","מודיעין עילית","מודיעין עילית","2933","83797","עירייה","אזור יהודה והשומרון",89627,1,7,-2.23495841269336,6,195,0.87060101889778,25298,10313,35611,0,true,57179,151780,484001,483991,180936,154486,26450,14.62,115.07,1693.46,31.36
"3616","מעלה אדומים","מעלה אדומים","2926","83616","עירייה","אזור יהודה והשומרון",35846,6,156,0.241054455327592,5,162,0.291270191068065,58498,79939,138437,0,true,14600,245892,393457,400912,133558,76407,57151,42.79,2230.07,6859.68,62.5
"1063","מעלות-תרשיחא","מעלות-תרשיחא","2839","51063","עירייה","הצפון",23042,5,121,-0.0573799263534073,3,46,-0.617962187359689,31496,29286,60782,0,true,32643,88681,199167,192559,51985,36266,15719,30.24,1270.98,3848.67,44.53
"9100","נהרייה","נהריה","2779","29100","עירייה","הצפון",67877,6,143,0.142933750605715,4,86,-0.299140837750482,135685,80530,216215,0,true,42341,384530,646222,645420,164409,117814,46595,28.34,1186.41,5665.1,59.5
"1061","נוף הגליל","נוף הגליל","2782","31061","עירייה","הצפון",45805,5,102,-0.298270772497077,5,137,0.139460226742925,54274,99302,153576,0,true,23063,263790,406008,409489,89705,51635,38070,42.44,2167.93,5758.98,64.97
"7200","נס ציונה","נס ציונה","2823","47200","עירייה","המרכז",47267,8,229,1.30361324482957,8,237,2.22908494813894,106962,101425,208387,0,true,0,313772,528426,527596,247473,188525,58948,23.82,2145.79,6638.29,59.38
"7300","נצרת","נצרת","2795","37300","עירייה","הצפון",75704,3,68,-0.704061597540428,5,161,0.289088216027455,55956,54266,110222,0,true,44232,171745,459676,615815,222160,178936,43224,19.46,716.82,2268.64,37.36
"2500","נשר","נשר","2813","42500","עירייה","חיפה",22896,7,177,0.56436274202287,5,156,0.25233409068926,34698,69357,104055,0,true,0,180310,256290,255149,83588,47366,36222,43.33,3029.22,7875.17,70.35
"246","נתיבות","נתיבות","2828","50246","עירייה","הדרום",56019,3,58,-0.762074374473254,4,90,-0.277032335875226,61551,42745,104296,0,true,50727,175950,411603,412007,162686,128991,33695,20.71,763.04,3140.9,42.75
"7400","נתניה","נתניה","2775","27400","עירייה","המרכז",234813,6,140,0.0844459044490599,7,223,1.50535863683445,507550,396950,904500,0,true,0,1393205,2161687,2161500,851038,555842,295196,34.69,1690.49,5933.25,64.45
"7500","סח'נין","סח'נין","3017","97500","עירייה","הצפון",33728,4,86,-0.511337300748412,4,91,-0.267655157398332,26280,13455,39735,0,true,24920,78244,267477,267447,128893,121107,7786,6.04,398.93,2319.85,29.25
"7600","עכו","עכו","2796","37600","עירייה","הצפון",52885,4,88,-0.466643684386373,4,115,-0.0777552596151755,77108,86433,163541,0,true,47119,289372,538960,538916,146115,101150,44965,30.77,1634.36,5471.72,53.69
"7700","עפולה","עפולה","2797","37700","עירייה","הצפון",66362,5,101,-0.327192606081898,5,129,0.0554344986727905,87619,130442,218061,0,true,5886,347616,584818,583410,219433,160782,58651,26.73,1965.61,5238.18,59.44
"531","עראבה","עראבה","2972","90531","עירייה","הצפון",27175,3,64,-0.728035616370649,3,83,-0.325854843100195,23571,9990,33561,0,true,28844,56506,230100,238955,137252,121861,15391,11.21,367.62,2079.34,24.56
"2560","ערד","ערד","2845","52560","עירייה","הדרום",29504,3,47,-0.875686453986326,2,26,-0.932314617399036,37178,27328,64506,0,true,50668,132392,277889,277889,80829,57769,23060,28.53,926.25,4487.26,47.64
"7900","פתח תקווה","פתח תקווה","2776","27900","עירייה","המרכז",270403,7,175,0.550041056798598,9,248,3.08751922539663,519708,750728,1270436,0,true,0,1741184,2550872,2549339,1022115,609800,412315,40.34,2776.33,6439.22,68.26
"8000","צפת","צפת","2798","38000","עירייה","הצפון",38687,2,20,-1.35090011679565,2,25,-0.949215742847391,33117,33257,66374,0,true,65733,116841,354917,362264,125183,101768,23415,18.7,859.64,3020.16,32.92
"638","קלנסווה","קלנסווה","2987","90638","עירייה","המרכז",25167,3,62,-0.731520056698698,6,191,0.794021769371174,15119,4419,19538,0,true,20631,42946,176551,201144,103235,95006,8229,7.97,175.59,1706.44,24.32
"2620","קריית אונו","קרית אונו","2814","42620","עירייה","תל אביב",45049,9,245,1.59412003890112,9,249,3.21011096252371,122189,49727,171916,0,true,609,306433,467175,467147,176568,140204,36364,20.59,1103.84,6802.22,65.59
"6800","קריית אתא","קרית אתא","2792","36800","עירייה","חיפה",62585,6,141,0.0896052990032351,5,163,0.294802700385652,113484,115120,228604,0,true,8604,359014,616330,616249,237612,162338,75274,31.68,1839.42,5736.42,58.25
"9500","קריית ביאליק","קרית ביאליק","2803","39500","עירייה","חיפה",47073,6,161,0.328159698878485,6,179,0.655567669799153,90467,75863,166330,0,true,2512,318777,457922,457864,176945,142164,34781,19.66,1611.6,6771.97,69.61
"2630","קריית גת","קרית גת","2789","32630","עירייה","הדרום",72140,4,82,-0.551985098455114,5,148,0.196138474880697,91337,254278,345615,0,true,13071,539163,816091,816019,346487,263793,82694,23.87,3524.79,7473.84,66.07
"9600","קריית ים","קרית ים","2804","39600","עירייה","חיפה",41957,5,106,-0.246879037009905,6,169,0.453110773402441,68193,44812,113005,0,true,46446,207075,449151,449145,130487,108421,22066,16.91,1068.05,4935.41,46.1
"8200","קריית מוצקין","קרית מוצקין","2799","38200","עירייה","חיפה",51488,7,166,0.40195960098803,6,175,0.56139431136771,101195,22295,123490,0,true,15556,208286,340712,340582,110386,72417,37969,34.4,433.01,4045.33,61.13
"1034","קריית מלאכי","קרית מלאכי","2838","51034","עירייה","הדרום",27959,3,72,-0.67101641898988,6,173,0.500798567660934,26593,46414,73007,0,true,32074,131719,287277,287218,96098,74822,21276,22.14,1660.07,4711.15,45.85
"2800","קריית שמונה","קרית שמונה","2790","32800","עירייה","הצפון",24437,5,112,-0.162916525132887,1,11,-1.261995226096,-48,22260,22212,0,true,28792,36341,185995,277291,51035,41660,9375,18.37,910.91,1487.13,19.54
"2640","ראש העין","ראש העין","2847","52640","עירייה","המרכז",79023,7,195,0.78106085755783,8,227,1.7403076644374,158637,121977,280614,0,true,0,405352,691938,678693,336582,257358,79224,23.54,1543.56,5129.54,58.58
"8300","ראשון לציון","ראשון לציון","2777","28300","עירייה","המרכז",259275,7,189,0.726795782232633,9,245,2.78990022823224,526902,803850,1330752,0,true,0,1939380,2804999,2800342,1018954,684288,334666,32.84,3100.38,7480.01,69.14
"1161","רהט","רהט","2998","91161","עירייה","הדרום",77997,2,11,-1.84544793082865,4,104,-0.139155398357807,16912,20631,37543,0,true,49702,99106,593999,596668,358729,354982,3747,1.04,264.51,1270.64,16.68
"8400","רחובות","רחובות","2778","28400","עירייה","המרכז",155049,7,182,0.601450671177857,8,229,1.89278654723629,305051,309443,614494,0,true,0,858856,1382337,1466116,607348,403921,203427,33.49,1995.78,5539.26,62.13
"8500","רמלה","רמלה","2800","38500","עירייה","המרכז",86052,4,95,-0.39921379772397,8,231,1.95080661292946,105186,171656,276842,0,true,33735,438060,761103,782395,295712,199504,96208,32.53,1994.79,5090.64,57.56
"8600","רמת גן","רמת גן","2755","18600","עירייה","תל אביב",172242,8,211,1.09933742073598,10,253,4.13653246884259,409910,440035,849945,0,true,0,1353605,1869684,1867218,689029,396996,292033,42.38,2554.75,7858.74,72.4
"2650","רמת השרון","רמת השרון","2815","42650","עירייה","תל אביב",48860,9,248,1.6988326212998,8,239,2.3516098562103,163966,115510,279476,0,true,0,410854,565961,565511,220825,124895,95930,43.44,2364.1,8408.8,72.59
"8700","רעננה","רעננה","2824","48700","עירייה","המרכז",82964,8,226,1.27987115513508,8,234,2.00563506424914,219538,196761,416299,0,true,0,783746,1077615,1077523,470752,304788,165964,35.26,2371.64,9446.82,72.73
"1031","שדרות","שדרות","2837","51031","עירייה","הדרום",37239,5,115,-0.132346081241021,4,105,-0.136474582519656,10827,33049,43876,0,true,29634,111429,462541,564967,191019,155989,35030,18.34,887.48,2992.27,24.09
"8800","שפרעם","שפרעם","2801","38800","עירייה","הצפון",43858,3,66,-0.712105818570077,5,140,0.151599746521379,39019.3,20997,60016.3,0,true,30035,105780,287943.9,293342,122813,110821,11992,9.76,478.75,2411.87,36.74
"5000","תל אביב -יפו","תל אביב-יפו","2754","15000","עירייה","תל אביב",494900,8,227,1.29252391191505,10,254,4.19009552976776,1162974,2581232,3744206,0,true,0,6227749,7527983,7524399,1693050,960043,733007,43.3,5215.66,12583.85,82.73
"472","אבו גוש","אבו גוש","2937","90472","מועצה מקומית","ירושלים",8848,3,67,-0.711088131152997,6,192,0.810287012427046,7666,1826,9492,0,true,15267,23420,77719,77800,33317,26126,7191,21.58,206.37,2646.93,30.13
"473","אבו סנאן","אבו סנאן","2938","90473","מועצה מקומית","הצפון",14542,3,75,-0.654802355530496,4,97,-0.211694906241405,8231,2244,10475,0,true,16613,26783,122187,127862,56979,49302,7677,13.47,154.31,1841.77,21.92
"182","אבן יהודה","אבן יהודה","2858","60182","מועצה מקומית","המרכז",15370,9,246,1.62998117714398,7,212,1.21561610520485,40799,18725,59524,0,true,0,79272,111193,111093,39824,22081,17743,44.55,1218.28,5157.58,71.29
"3760","אורנית","אורנית","2931","83760","מועצה מקומית","אזור יהודה והשומרון",10089,8,231,1.34192275451799,6,203,0.967728867181688,23305,1255,24560,0,true,3196,40880,69993,77894,29255,18620,10635,36.35,124.39,4051.94,58.41
"565","אזור","אזור","2805","40565","מועצה מקומית","תל אביב",13067,7,170,0.495604131540961,9,244,2.72708576367072,27572,29558,57130,0,true,0,80376,120582,120834,44577,25162,19415,43.55,2262.03,6151.07,66.66
"478","אכסאל","אכסאל","2939","90478","מועצה מקומית","הצפון",15134,3,57,-0.764449065158087,4,106,-0.136367535082392,8233,3450,11683,0,true,17501,22624,108235,113842,57789,52442,5347,9.25,227.96,1494.91,20.9
"41","אליכין","אליכין","2853","60041","מועצה מקומית","המרכז",3855,7,165,0.400345878525891,6,180,0.659259076535137,7733,260,7993,0,true,7270,18504,34394,38042,11052,5973,5079,45.96,67.44,4800,53.8
"3750","אלפי מנשה","אלפי מנשה","2895","73750","מועצה מקומית","אזור יהודה והשומרון",8038,8,216,1.14168078798777,6,186,0.72038323033137,20563,3938,24501,0,true,4076,42681,74657,74655,25628,19447,6181,24.12,489.92,5309.9,57.17
"3560","אלקנה","אלקנה","2921","83560","מועצה מקומית","אזור יהודה והשומרון",4493,8,209,1.07334368834655,6,188,0.772650324879684,8473,2596,11069,0,true,4608,26422,50517,51057,17307,15854,1453,8.4,577.79,5880.7,52.3
"529","אעבלין","אעבלין","2970","90529","מועצה מקומית","הצפון",13634,3,74,-0.666232625884589,5,131,0.0660868077028719,9632,9392,19024,0,true,17326,37171,101564,103379,40147,32134,8013,19.96,688.87,2726.35,36.6
"3650","אפרת","אפרתה","2928","83650","מועצה מקומית","אזור יהודה והשומרון",12114,7,172,0.514601509868647,5,132,0.0691720612175772,25402,3831,29233,0,true,15721,60197,146430,146759,50985,42111,8874,17.41,316.25,4969.21,41.11
"482","בועיינה-נוג'ידאת","בועיינה-נוג'ידאת","2942","90482","מועצה מקומית","הצפון",10630,3,30,-1.0625732984864,3,52,-0.568745837539863,8099,1500,9599,0,true,15518,19237,97107,97491,47592,42627,4965,10.43,141.11,1809.69,19.81
"4001","בוקעאתא","בוקעאתא","3011","94001","מועצה מקומית","הצפון",6982,3,46,-0.884238230521226,1,8,-1.48442107560375,4892,616,5508,0,true,10902,26485,62621,64102,15357,11278,4079,26.56,88.23,3793.33,42.29
"998","ביר אל-מכסור","ביר אל-מכסור","2994","90998","מועצה מקומית","הצפון",11068,2,24,-1.20316526458395,4,109,-0.130610589469958,4726,651,5377,0,true,14008,13200,53283,61643,21149,14998,6151,29.08,58.82,1192.63,24.77
"3574","בית אל","בית אל","2923","83574","מועצה מקומית","אזור יהודה והשומרון",6359,4,80,-0.563516491647934,4,99,-0.193164326501652,9745,625,10370,0,true,15157,26818,85313,85286,32042,26026,6016,18.78,98.29,4217.33,31.43
"3652","בית אריה-עופרים","בית אריה","2929","83652","מועצה מקומית","אזור יהודה והשומרון",5627,7,192,0.762896397086821,6,185,0.696128456525934,12277,1089,13366,0,true,9645,35107,63977,76196,27316,15293,12023,44.01,193.53,6239.03,54.87
"480","בית ג'ן","בית ג'ן","2940","90480","מועצה מקומית","הצפון",12446,4,87,-0.486945902621896,2,37,-0.735231439247749,11242,2686,13928,0,true,16053,25161,114819,114718,56903,50430,6473,11.38,215.81,2021.61,21.91
"466","בית דגן","בית דגן","2829","50466","מועצה מקומית","המרכז",7728,7,178,0.571320041713935,8,240,2.47952463066132,14391,12980,27371,0,true,0,39933,57664,58209,21540,13245,8295,38.51,1679.61,5167.31,69.25
"1066","בני עי""ש","בני עי""ש","2890","71066","מועצה מקומית","המרכז",6579,5,128,-0.0200238440314052,6,187,0.760885837886022,9552,875,10427,0,true,8863,21264,48208,48167,14405,8888,5517,38.3,133,3232.1,44.11
"9800","בנימינה-גבעת עדה","בנימינה-גבעת עדה","2882","1352","מועצה מקומית","חיפה",15566,8,233,1.36519294500976,5,159,0.275923374480909,33579,16253,49832,0,true,2745,96651,134977,134965,37269,28993,8276,22.21,1044.13,6209.11,71.61
"1326","בסמ""ה","בסמ""ה","3004","91326","מועצה מקומית","חיפה",12002,3,38,-0.959354343601139,5,143,0.158500525443118,9497,1246,10743,0,true,15988,20665,72462,72501,33108,24060,9048,27.33,103.82,1721.8,28.52
"944","בסמת טבעון","בסמת טבעון","2990","90944","מועצה מקומית","הצפון",8268,3,45,-0.88466172758432,4,116,-0.0768534818780771,5335,1298,6633,0,true,13313,11691,46479,50556,17446,11790,5656,32.42,156.99,1414.01,25.15
"483","בענה","בענה","2943","90483","מועצה מקומית","הצפון",8714,3,36,-0.986553209879586,4,107,-0.134095549103232,6965.166,5208.323,12173.489,0,true,13643,19764,60116,60082,15753,11427,4326,27.46,597.7,2268.07,32.88
"3730","גבעת זאב","גבעת זאב","2930","83730","מועצה מקומית","אזור יהודה והשומרון",25104,4,99,-0.378307391283917,6,184,0.676136158169937,35157,9624,44781,0,true,25893,80198,189730,189568,66522,49683,16839,25.31,383.37,3194.63,42.27
"1292","ג'דיידה-מכר","ג'דיידה-מכר","2945","90486","מועצה מקומית","הצפון",20231,3,50,-0.809201210611647,4,100,-0.164893632131944,18496.14,4064.482,22560.622,0,true,19615.338,37893.62787,144006.40266,144945.854,54450,47530,6920,12.71,200.9,1873.05,26.31
"2550","גדרה","גדרה","2877","62550","מועצה מקומית","המרכז",31389,7,190,0.746739068374713,6,200,0.932206673792928,58833,16524,75357,0,true,7038,127829,218212,226211,82198,58332,23866,29.03,526.43,4072.41,58.58
"485","ג'ולס","ג'וליס","2944","90485","מועצה מקומית","הצפון",6821,5,113,-0.162784599032135,4,89,-0.279740827200189,6838.8,3728,10566.8,0,true,10833,16462.8,52274.8,52287.2,14473,10698,3775,26.08,546.55,2413.55,31.49
"627","ג'לג'וליה","ג'לג'וליה","2982","90627","מועצה מקומית","המרכז",10992,3,39,-0.946825029905484,7,221,1.46261356027415,6105,2586,8691,0,true,16724,16921,70019,76979,29242,23677,5565,19.03,235.26,1539.39,24.17
"166","גן יבנה","גן יבנה","2856","60166","מועצה מקומית","המרכז",25144,7,194,0.773669276847494,6,182,0.669869484762527,43186,18081,61267,0,true,5974,102781,158821,161776,57989,39185,18804,32.43,719.1,4087.69,64.71
"541","ג'סר א-זרקא","ג'סר א-זרקא","2979","90541","מועצה מקומית","חיפה",15824,2,18,-1.44755159362247,5,157,0.256791895556945,11702,884,12586,0,true,18381,26931,147037,151841,69395,62277,7118,10.26,55.86,1701.91,18.32
"487","ג'ש (גוש חלב)","ג'ש (גוש חלב)","2946","90487","מועצה מקומית","הצפון",3243,7,176,0.551588852836347,2,24,-0.950076034187209,3878,1448,5326,0,true,5041,8295,26629,29122,6472,4554,1918,29.64,446.5,2557.82,31.15
"628","ג'ת","ג'ת","2983","90628","מועצה מקומית","חיפה",12834,5,138,0.0370622126686846,6,171,0.466600959631434,15462,6129,21591,0,true,12016,34480.5,104459,105448,49852,43778,6074,12.18,477.56,2686.65,33.01
"494","דאלית אל-כרמל","דאלית אל-כרמל","2950","90494","מועצה מקומית","חיפה",18364,5,110,-0.202919743855874,4,112,-0.0966147595416795,22333,6439,28772,0,true,23368,50985,139433,139433,46154,31893,14261,30.9,350.63,2776.36,36.57
"489","דבורייה","דבוריה","2947","90489","מועצה מקומית","הצפון",10830,4,91,-0.409279200501615,4,87,-0.293831985159086,8689,1890,10579,0,true,13919,18847,84413,85533,45701,41816,3885,8.5,174.52,1740.26,22.33
"490","דייר אל-אסד","דיר אל-אסד","2948","90490","מועצה מקומית","הצפון",12619,4,85,-0.5172186264917,4,95,-0.222759117583353,9208,1803,11011,0,true,14269,21857,104774,104683,51389,44778,6611,12.86,142.88,1732.07,20.86
"492","דייר חנא","דיר חנא","2949","90492","מועצה מקומית","הצפון",10762,4,83,-0.533567695535289,3,71,-0.437317320158929,9855,2470,12325,0,true,12184,21878,88038,88140,46117,38895,7222,15.66,229.51,2032.89,24.85
"3769","הר אדר","הר אדר","2932","83769","מועצה מקומית","אזור יהודה והשומרון",4339,9,249,1.74818391559113,6,172,0.480186776874635,15800,295,16095,0,true,223,25937,35072,35351,10376,6356,4020,38.74,67.99,5977.64,73.95
"9300","זכרון יעקב","זכרון יעקב","2880","69300","מועצה מקומית","חיפה",24201,8,214,1.11717929536182,5,153,0.222855668186709,66870,27620,94490,0,true,0,138074,242050,242033,100029,86325,13704,13.7,1141.28,5705.3,57.04
"1290","זמר","זמר","3002","91290","מועצה מקומית","המרכז",7953,4,90,-0.444758642069458,6,168,0.452299877750729,8405,2803,11208,0,true,9998,16283,52537,55364,19149,14390,4759,24.85,352.45,2047.4,30.99
"975","זרזיר","זרזיר","2992","90975","מועצה מקומית","הצפון",9149,3,32,-1.04320032660218,4,113,-0.0923396899460328,7823,2181,10004,0,true,12778,18475,59587,58321,20392,14978,5414,26.55,238.39,2019.35,31.01
"1303","חורה","חורה","3003","91303","מועצה מקומית","הדרום",23034,1,8,-2.22020862332784,3,60,-0.510079774941582,7743,1857,9600,0,true,28089,29881,215799,215390,131193,127406,3787,2.89,80.62,1297.26,13.85
"496","חורפיש","חורפיש","2951","90496","מועצה מקומית","הצפון",6877,5,103,-0.288219952132669,2,32,-0.827224252905083,6436,1531,7967,0,true,11534,15121,78906,78889,33923,27501,6422,18.93,222.63,2198.78,19.16
"2034","חצור הגלילית","חצור הגלילית","2842","52034","מועצה מקומית","הצפון",11013,4,84,-0.518133364955538,2,23,-0.964286546054192,13614,11391,25005,0,true,21109,39846,106194,115455,38531,23795,14736,38.24,1034.32,3618.09,37.52
"962","טובא-זנגרייה","טובא-זנגריה","2991","90962","מועצה מקומית","הצפון",7173,3,48,-0.866599121124261,2,19,-1.03000588472106,5745,396,6141,0,true,11058,12909,63602,72511,31198,26561,4637,14.86,55.21,1799.67,20.3
"498","טורעאן","טורעאן","2952","90498","מועצה מקומית","הצפון",14931,3,51,-0.803302815468745,3,79,-0.365144357328359,12331,10275,22606,0,true,15934,40451,107776,107377,36574,32134,4440,12.14,688.17,2709.2,37.53
"1295","יאנוח-ג'ת","יאנוח-ג'ת","2954","90500","מועצה מקומית","הצפון",6890,4,92,-0.405411590264815,3,53,-0.563852777458738,7924,1056,8980,0,true,10012,15800,53676,53683,17343,12685,4658,26.86,153.27,2293.18,29.44
"46","יבנאל","יבנאל","2904","80046","מועצה מקומית","הצפון",4801,2,22,-1.23602910265812,3,44,-0.635851708117327,7598,1754,9352,0,true,14247,13578,45316,45282,16085,9794,6291,39.11,365.34,2828.16,29.96
"29","יסוד המעלה","יסוד המעלה","2903","80029","מועצה מקומית","הצפון",1930,7,204,0.938158905958467,1,18,-1.15533142076896,4330,3085,7415,0,true,1640,10829,18163,18193,3356,2076,1280,38.14,1598.45,5610.88,59.62
"499","יפיע","יפיע","2953","90499","מועצה מקומית","הצפון",18837,3,44,-0.892689380207931,5,138,0.14531620428134,14416,4394,18810,0,true,19236,42344,147516,165408,86472,70232,16240,18.78,233.26,2247.92,28.7
"831","ירוחם","ירוחם","2832","50831","מועצה מקומית","הדרום",11989,4,78,-0.581698511687117,2,20,-1.02456827428646,11364,20236,31600,0,true,13199,53830,119023,121910,39888.2,28422,11466.2,28.75,1687.88,4489.95,45.23
"502","ירכא","ירכא","2955","90502","מועצה מקומית","הצפון",16823,3,69,-0.695433792837767,3,85,-0.316684037631297,14705,14690,29395,0,true,19870,42989,128554,129373,48302,33432,14870,30.79,873.21,2555.37,33.44
"504","כאבול","כאבול","2956","90504","מועצה מקומית","הצפון",12589,3,60,-0.747251334643089,4,110,-0.122031945610467,13109,3721,16830,0,true,16450,26556,110447,112607,51086,46591,4495,8.8,295.58,2109.46,24.04
"505","כאוכב אבו אל-היג'א","כאוכב אבו אל-היג'א","2957","90505","מועצה מקומית","הצפון",4037,5,100,-0.350898047994298,4,92,-0.246601578151951,3345,278,3623,0,true,7511,8727,47181,47077,23873,24015,-142,-0.59,68.86,2161.75,18.5
"1224","כוכב יאיר","כוכב יאיר צור יגאל","2891","71224","מועצה מקומית","המרכז",9008,9,252,1.90646625286262,6,194,0.865979525424562,30359,14106,44465,0,true,0,56190,81178,81157,28036,17724,10312,36.78,1565.94,6237.79,69.22
"1059","כסיפה","כסיפה","2996","91059","מועצה מקומית","הדרום",21849,1,5,-2.29965869963591,2,34,-0.793374844145404,3296,770,4066,0,true,25348,24437,130983,130271,77272,70986,6286,8.13,35.24,1118.45,18.66
"1296","כסרא-סמיע","כסרא-סמיע","2958","90506","מועצה מקומית","הצפון",9549,3,52,-0.802430851843577,3,42,-0.651467193784239,9274,1574,10848,0,true,15715,21571,81823,78689,28215,26647,1568,5.56,164.83,2258.98,26.36
"978","כעביה-טבאש-חג'אג'רה","כעביה-טבאש-חג'אג'רה","2993","90978","מועצה מקומית","הצפון",6545,3,43,-0.900669066121066,4,111,-0.10480141625948,4669,126,4795,0,true,9939,11292,42536,43005,16617,11995,4622,27.81,19.25,1725.29,26.55
"633","כפר ברא","כפר ברא","2984","90633","מועצה מקומית","המרכז",3962,4,94,-0.403973966759521,7,217,1.33353211284331,3524,526,4050,0,true,9989,11567,44016,43349,19523,15999,3524,18.05,132.76,2919.49,26.28
"1263","כפר ורדים","כפר ורדים","2915","81263","מועצה מקומית","הצפון",5534,9,242,1.5598030443827,3,48,-0.602607979956903,21166,1399,22565,0,true,0,33380,74577,74844,39872,36107,3765,9.44,252.8,6031.8,44.76
"507","כפר יאסיף","כפר יאסיף","2959","90507","מועצה מקומית","הצפון",10526,5,126,-0.0358305872492414,4,108,-0.13173738289388,12462,6623,19085,0,true,12488,30447,93656,93522,37730,34425,3305,8.76,629.2,2892.55,32.51
"508","כפר כמא","כפר כמא","2960","90508","מועצה מקומית","הצפון",3545,6,159,0.306933832042368,3,61,-0.496522593923257,3576,618,4194,0,true,8131,7298,30310,30323,8921,6793,2128,23.85,174.33,2058.67,24.08
"509","כפר כנא","כפר כנא","2961","90509","מועצה מקומית","הצפון",25374,3,29,-1.06350606362126,4,117,-0.0760771759483865,18555,9551,28106,0,true,29634,62988,183265,185346,74491,60067,14424,19.36,376.41,2482.38,34.37
"510","כפר מנדא","כפר מנדא","2962","90510","מועצה מקומית","הצפון",22268,2,16,-1.45297251582064,4,98,-0.20118199670454,10644,4683,15327,0,true,21556,32860,177675,194651,95621,82681,12940,13.53,210.3,1475.66,18.49
"267","כפר שמריהו","כפר שמריהו","2885","70267","מועצה מקומית","תל אביב",1981,10,254,2.46154589448067,8,226,1.68201243821279,17602,4709,22311,0,true,0,40167,43998,43167,9821,6581,3240,32.99,2377.08,20276.12,91.29
"47","כפר תבור","כפר תבור","2905","80047","מועצה מקומית","הצפון",4276,8,225,1.26572255965062,3,76,-0.374606541459784,11769,6585,18354,0,true,1694,32534,46816,46810,14438,10291,4147,28.72,1539.99,7608.51,69.49
"1271","להבים","להבים","2893","71271","מועצה מקומית","הדרום",8027,9,253,1.97203604550363,3,81,-0.344938869076389,26340,2852,29192,0,true,0,52459,69101,69100,17915,12712,5203,29.04,355.3,6535.32,75.92
"1060","לקיה","לקיה","2997","91060","מועצה מקומית","הדרום",19362,2,9,-1.99574811784224,3,67,-0.455025519363419,2349,456,2805,0,true,22666,16475,144448,143884,80966,85042,-4076,-5.03,23.55,850.89,11.41
"1015","מבשרת ציון","מבשרת ציון","2835","51015","מועצה מקומית","ירושלים",26534,8,210,1.0922078784358,6,202,0.943077968679338,68505,34762,103267,0,true,5994,138462,200842,200767,67844,40070,27774,40.94,1310.09,5218.29,68.94
"516","מג'ד אל-כרום","מג'ד אל-כרום","2964","90516","מועצה מקומית","הצפון",15429,3,73,-0.668407410497829,4,94,-0.226489537321278,13695,5292,18987,0,true,19505,30975,130522,130331,63214,55079,8135,12.87,342.99,2007.58,23.73
"65","מגדל","מגדל","2909","80065","מועצה מקומית","הצפון",2162,5,133,-0.00425125789444863,2,35,-0.761725457985965,6911,6922,13833,0,true,2256,21011,37168,37150,10281,5301,4980,48.44,3201.67,9718.32,56.53
"4201","מג'דל שמס","מג'דל שמס","3012","94201","מועצה מקומית","הצפון",11264,3,76,-0.650575504132796,1,5,-1.51826246892409,7587,5336,12923,0,true,19409,50905,106431,104279,27835,21583,6252,22.46,473.72,4519.26,47.83
"28","מזכרת בתיה","מזכרת בתיה","2902","80028","מועצה מקומית","המרכז",16334,8,228,1.29412312978528,6,208,1.1009318416764,37299,9688,46987,0,true,4820,77374,120277,120277,46276,32223,14053,30.37,593.12,4736.99,64.33
"517","מזרעה","מזרעה","2965","90517","מועצה מקומית","הצפון",3920,4,93,-0.405378102640765,4,96,-0.220584715500167,2851,1860,4711,0,true,6779,8447,33838,33838,10849,8560,2289,21.1,474.49,2154.85,24.96
"43","מטולה","מטולה","2883","70043","מועצה מקומית","הצפון",2248,7,203,0.891025755400212,1,10,-1.42214332528473,72,576,648,0,true,1348,2984,18551,18542,4392,5652,-1260,-28.69,256.23,1327.4,16.09
"1268","מיתר","מיתר","2892","71268","מועצה מקומית","הדרום",11608,9,241,1.49507980417734,3,57,-0.543315225585681,36017,1995,38012,0,true,2968,71199,100120,100008,30986,21838,9148,29.52,171.86,6133.61,71.11
"4203","מסעדה","מסעדה","3013","94203","מועצה מקומית","הצפון",4205,3,41,-0.918827784817727,1,9,-1.4829089440105,3984,2167,6151,0,true,9977,19836,50623,49801,13372,9876,3496,26.14,515.34,4717.24,39.18
"518","מעיליא","מעיליא","2966","90518","מועצה מקומית","הצפון",3323,7,205,0.958916403155202,3,41,-0.666883979407407,4949,4450,9399,0,true,5255,15241,31237,31233,7572,5249,2323,30.68,1339.15,4586.52,48.79
"3608","מעלה אפרים","מעלה אפרים","2924","83608","מועצה מקומית","אזור יהודה והשומרון",1747,3,70,-0.69032138928518,3,78,-0.368078492473093,1622,1302,2924,0,true,5853,10376,26927,26873,5182,3434,1748,33.73,745.28,5939.32,38.53
"1327","מעלה עירון","מעלה עירון","3005","91327","מועצה מקומית","חיפה",15486,3,31,-1.05759281070729,5,139,0.147462630079582,12127,1301,13428,0,true,20060,27002,129110,129097,67369,59669,7700,11.43,84.01,1743.64,20.91
"99","מצפה רמון","מצפה רמון","2826","50099","מועצה מקומית","הדרום",5843,3,40,-0.922174759991749,1,6,-1.51602571001199,10519,8558,19077,0,true,8422,44591,93907,93574,24804,21027,3777,15.23,1464.66,7631.52,47.48
"520","משהד","משהד","2967","90520","מועצה מקומית","הצפון",8822,3,27,-1.12699252625568,5,125,0.0375358287657019,6104,1153,7257,0,true,14570,14647,62650,62711,27119,21745,5374,19.82,130.7,1660.28,23.38
"522","נחף","נחף","2968","90522","מועצה מקומית","הצפון",13995,3,33,-1.01427778982551,3,72,-0.431931151999828,9138,2161,11299,0,true,19739,20469,123613,123579,66837,64135,2702,4.04,154.41,1462.59,16.56
"525","סאג'ור","סאג'ור","2969","90525","מועצה מקומית","הצפון",4303,4,89,-0.44931717079904,3,51,-0.574071419906389,4484,283,4767,0,true,8041,10742,31761,35282,10215,7182,3033,29.69,65.77,2496.4,33.82
"587","סביון","סביון","2887","70587","מועצה מקומית","המרכז",4405,10,255,2.58668272851169,9,242,2.63257656573571,31698,4241,35939,0,true,51,79435,87318,86540,13575,6209,7366,54.26,962.77,18032.92,90.97
"4501","ע'ג'ר","ע'ג'ר","3014","94501","מועצה מקומית","הצפון",2738,3,37,-0.984989939634897,1,7,-1.49613467360163,0,330,330,0,true,8558,19687,39121,40299,6911,5030,1881,27.22,120.53,7190.28,50.32
"666","עומר","עומר","2888","70666","מועצה מקומית","הדרום",8078,9,251,1.85631064333778,3,77,-0.369943690381158,29764,15430,45194,0,true,0,78992,109839,109818,37464,28411,9053,24.16,1910.13,9778.66,71.92
"530","עיילבון","עיילבון","2971","90530","מועצה מקומית","הצפון",5849,5,130,-0.0111764494620134,3,62,-0.482005039398213,7005,2331,9336,0,true,9547,17005,45651,45946,16992,11209,5783,34.03,398.53,2907.33,37.25
"511","עילוט","עילוט","2963","90511","מועצה מקומית","הצפון",9077,2,19,-1.40436782836245,4,123,0.00392833995373317,5856,4242,10098,0,true,13669,20438,63081,72937,17172,14492,2680,15.61,467.34,2251.62,32.4
"532","עין מאהל","עין מאהל","2973","90532","מועצה מקומית","הצפון",14029,3,28,-1.10285276637696,4,102,-0.143779214190926,10664,1423,12087,0,true,18607,26460,110899,111672,53095,48476,4619,8.7,101.43,1886.09,23.86
"4502","עין קנייא","עין קנייא","3015","94502","מועצה מקומית","הצפון",2470,3,49,-0.817201059522878,1,4,-1.53237014934943,2234,753,2987,0,true,7691,12450,28088,27431,6485,4296,2189,33.75,304.86,5040.49,44.32
"3660","עמנואל","עמנואל","2849","53660","מועצה מקומית","אזור יהודה והשומרון",5675,2,12,-1.73859499671203,5,133,0.0738272235428112,3108,6915,10023,0,true,14927,22759,68139,67992,21425,17446,3979,18.57,1218.5,4010.4,33.4
"534","עספיא","עספיא","2974","90534","מועצה מקומית","חיפה",13403,5,105,-0.273844325357136,4,114,-0.0905524082941877,13538,3435,16973,0,true,15497,38982,109173,109187,33693,25811,7882,23.39,256.29,2908.45,35.71
"637","ערערה","ערערה","2986","90637","מועצה מקומית","חיפה",20734,4,77,-0.605569696425823,5,158,0.261311706361035,16671,4293,20964,0,true,19316,40055,149082,154003,79373,69993,9380,11.82,207.05,1931.85,26.87
"1192","ערערה-בנגב","ערערה-בנגב","2999","91192","מועצה מקומית","הדרום",21259,1,2,-2.45325323192476,2,30,-0.890041298206778,2168,1104,3272,0,true,27619,26708,132020,133999,67851,58736,9115,13.43,51.93,1256.31,20.23
"537","פוריידיס","פוריידיס","2977","90537","מועצה מקומית","חיפה",13548,3,59,-0.760301801123199,5,141,0.156179486556702,7584,719,8303,0,true,15777,24322,114765,114765,59510,56623,2887,4.85,53.07,1795.25,21.19
"535","פסוטה","פסוטה","2975","90535","מועצה מקומית","הצפון",3426,7,163,0.390576799539716,2,28,-0.92313120430022,3654,514,4168,0,true,8601,7852,29774,29774,8594,5640,2954,34.37,150.03,2291.89,26.37
"536","פקיעין (בוקייעה)","פקיעין (בוקייעה)","2976","90536","מועצה מקומית","הצפון",6114,5,125,-0.0393890104814623,3,40,-0.691919966135239,6828,2052,8880,0,true,11535,14789,51547,51542,14128,8780,5348,37.85,335.62,2418.87,28.69
"7800","פרדס חנה-כרכור","פרדס חנה-כרכור","2879","67800","מועצה מקומית","חיפה",46601,7,188,0.703761731849565,6,174,0.511931423370029,89403,38737,128140,0,true,2134,238427,375071,375067,128324,98107,30217,23.55,831.25,5116.35,63.57
"171","פרדסייה","פרדסיה","2911","80171","מועצה מקומית","המרכז",7973,9,240,1.49214590296197,6,205,1.01052396950645,20659,1715,22374,0,true,3383,37474,59637,59589,24976,16922,8054,32.25,215.1,4700.11,62.84
"1113","צור הדסה","צור הדסה","3814","11113","מועצה מקומית","ירושלים",10459,8,,1.24420569489159,5,,,20207,828,21035,0,true,6476,41478,70683,77151,31939,17299,14640,45.84,79.17,3965.77,58.68
"3557","קדומים","קדומים","2920","83557","מועצה מקומית","אזור יהודה והשומרון",4564,5,132,-0.00611907236279035,5,136,0.132503281372712,7286,5502,12788,0,true,12898,29850,68228,68207,24395,19074,5321,21.81,1205.52,6540.32,43.75
"195","קדימה-צורן","קדימה-צורן","4137","1350","מועצה מקומית","המרכז",22655,8,223,1.24054471039999,6,206,1.03236803497663,54176,12725,66901,0,true,0,107494,200603,203297,110161,81104,29057,26.38,561.69,4744.82,53.59
"4100","קצרין","קצרין","2934","84100","מועצה מקומית","הצפון",8013,5,108,-0.224344410019103,1,12,-1.24853098182495,9566,10393,19959,0,true,13857,36107,115834,115583,56670,45047,11623,20.51,1297.02,4506.05,31.17
"3611","קריית ארבע","קרית ארבע","2925","83611","מועצה מקומית","אזור יהודה והשומרון",7698,3,42,-0.904958834882648,3,64,-0.472340656498215,7308,3008,10316,0,true,19613,26967,104183,104163,39384,31248,8136,20.66,390.75,3503.12,25.88
"2300","קריית טבעון","קרית טבעון","2812","42300","מועצה מקומית","חיפה",19158,8,220,1.21546960622859,5,135,0.0922185422836147,44868,30697,75565,0,true,0,110590,151995,151968,37538,22807,14731,39.24,1602.31,5772.52,72.76
"1137","קריית יערים","קרית יערים","2912","81137","מועצה מקומית","ירושלים",7839,2,26,-1.17420140253891,6,190,0.788755140252289,8292,1139,9431,0,true,15426,22303,63882,63880,17308,12092,5216,30.14,145.3,2845.13,34.91
"469","קריית עקרון","קרית עקרון","2830","50469","מועצה מקומית","המרכז",11283,5,127,-0.0213281832613795,7,220,1.45395845530549,13396,36770,50166,0,true,675,76388.74731,107631.74731,107332.74731,32475,18184,14291,44.01,3258.89,6770.25,70.97
"3640","קרני שומרון","קרני שומרון","2927","83640","מועצה מקומית","אזור יהודה והשומרון",10541,6,146,0.164843167121389,5,164,0.313893503650185,14598,4064,18662,0,true,17524,51167,138167,138088,74353,64243,10110,13.6,385.54,4854.09,37.03
"543","ראמה","ראמה","2981","90543","מועצה מקומית","הצפון",8405,5,120,-0.0689968238339717,3,59,-0.519677543642692,6236,2485,8721,0,true,13531,19763,72917,72974,27631,22002,5629,20.37,295.66,2351.34,27.1
"26","ראש פינה","ראש פינה","2901","80026","מועצה מקומית","הצפון",3308,7,186,0.643516313100109,2,27,-0.924595831592102,6804,24462,31266,0,true,0,46289,56968,56968,10383,5559,4824,46.46,7394.8,13993.05,81.25
"542","ריינה","ריינה","2980","90542","מועצה מקומית","הצפון",20653,3,34,-1.01321698634153,5,152,0.220977982526397,14257,6540,20797,0,true,18455,42295,133021,140811,57116,45437,11679,20.45,316.66,2047.89,31.8
"922","רכסים","רכסים","2834","50922","מועצה מקומית","חיפה",15086,2,13,-1.70853874246549,5,134,0.0848389733585958,5760,499,6259,0,true,27380,22760,94860,94593,28798,22458,6340,22.02,33.08,1508.68,23.99
"122","רמת ישי","רמת ישי","2910","80122","מועצה מקומית","הצפון",7953,8,230,1.31001811928829,4,122,-0.015697963036268,17446,8690,26136,0,true,0,40952,60072,60628,20823,13504,7319,35.15,1092.67,5149.25,68.17
"913","שבלי - אום אל-גנם","שבלי-אום אל ג'נם","2989","90913","מועצה מקומית","הצפון",6476,3,65,-0.721861862800892,3,82,-0.335685033584807,5040,294,5334,0,true,11826,9768,54976,61945,30215,23146,7069,23.4,45.4,1508.34,17.77
"1286","שגב-שלום","שגב-שלום","3001","91286","מועצה מקומית","הדרום",16736,1,6,-2.24171508440283,3,49,-0.579194818601705,3676,6087,9763,0,true,18328,31110,133246,132988,71526,69844,1682,2.35,363.71,1858.87,23.35
"1304","שוהם","שוהם","2916","81304","מועצה מקומית","המרכז",23592,9,247,1.68488864716694,7,213,1.26790102312163,55144,39775,94919,0,true,0,121712,203678,203658,95032,68018,27014,28.43,1685.95,5159.04,59.76
"812","שלומי","שלומי","2831","50812","מועצה מקומית","הצפון",8225,6,151,0.189673004515449,3,39,-0.69371802716457,245,12901,13146,0,true,6768,17199,76781,81020,30786,28211,2575,8.36,1568.51,2091.06,22.4
"538","שעב","שעב","2978","90538","מועצה מקומית","הצפון",7789,3,35,-1.00374991522549,3,75,-0.376676121851701,4990,1973,6963,0,true,13323,12424,66594,69134,33818,28874,4944,14.62,253.31,1595.07,18.66
"3826","שער שומרון","שער שומרון","5814","3826","מועצה מקומית","אזור יהודה והשומרון",8836,7,,,6,,,19985,1115,21100,0,true,8567,41434,72763,78329,24215,14683,9532,39.36,126.19,4689.23,56.94
"154","תל מונד","תל מונד","2855","60154","מועצה מקומית","המרכז",14771,9,238,1.47222313130191,6,204,0.997348327906369,37907,6602,44509,0,true,1354,68865,136939,136939,69146,56039,13107,18.96,446.96,4662.18,50.29
"1054","תל שבע","תל שבע","2995","91054","מועצה מקומית","הדרום",24782,1,3,-2.40986269433636,3,70,-0.44012864272921,2568,426,2994,0,true,26147,16027,128940,128925,62964,58679,4285,6.81,17.19,646.72,12.43
"5569","אל קסום","אל קסום","5456","6269","מועצה אזורית","הדרום",21328,1,4,-2.31658911394055,3,50,-0.57910988565348,6,3714,3720,0,true,16842,26529,228038,236405,121210,111372,9838,8.12,174.14,1243.86,11.63
"5565","אל-בטוף","אל-בטוף","3006","92565","מועצה אזורית","הצפון",9387,2,23,-1.22692578357707,3,63,-0.47239665455424,5841,1003,6844,0,true,9819,13775,81230,87884,46972,42864,4108,8.75,106.85,1467.45,16.96
"5545","אלונה","אלונה","2787","3245","מועצה אזורית","חיפה",2161,8,219,1.19824312068227,4,121,-0.0409234186000343,3836,223,4059,0,true,9349,9011,25337,25332,10491,5698,4793,45.69,103.19,4169.83,35.56
"5538","אשכול","אשכול","2867","6238","מועצה אזורית","הדרום",19886,6,160,0.309360787766713,2,31,-0.843234785956409,5965,41333,47298,0,true,34168,71352,314471,429649,143868,121409,22459,15.61,2078.5,3588.05,22.69
"5533","באר טוביה","באר טוביה","2861","6133","מועצה אזורית","הדרום",25131,7,202,0.855811392396049,6,176,0.567556315284276,42186,164715,206901,0,true,0,313266,388934,383562,143959,77273,66686,46.32,6554.26,12465.32,80.54
"5566","בוסתן אל-מרג'","בוסתאן אל-מרג'","3007","92566","מועצה אזורית","הצפון",8450,3,54,-0.779897561422483,3,84,-0.320321751401819,6393,764,7157,0,true,7886,14124,48149,55350,23298,16456,6842,29.37,90.41,1671.48,29.33
"5541","בני שמעון","בני שמעון","2869","6241","מועצה אזורית","הדרום",12034,7,207,0.97131269230794,3,74,-0.419807510131896,17206,39718,56924,0,true,0,154322,227138,226325,70381,63655,6726,9.56,3300.48,12823.83,67.94
"5528","ברנר","ברנר","2819","4428","מועצה אזורית","המרכז",8263,8,222,1.23944939401629,7,216,1.30911696552362,13332,23105,36437,0,true,0,57182,111872,111872,62567,52647,9920,15.86,2796.2,6920.25,51.11
"5532","גדרות","גדרות","2822","4432","מועצה אזורית","המרכז",5112,9,250,1.75980603244407,6,193,0.853511644011352,12515,10842,23357,0,true,162,37568,52315,52231,17124,11512,5612,32.77,2120.89,7348.98,71.81
"5571","גולן","גולן","2780","2971","מועצה אזורית","הצפון",21957,6,153,0.207460188028709,1,14,-1.24393684939621,28092,29304,57396,0,true,32398,93567,231910,231897,103755,82055,21700,20.91,1334.61,4261.37,40.35
"5576","גוש עציון","גוש עציון","2899","7676","מועצה אזורית","אזור יהודה והשומרון",28523,6,144,0.144279697979852,4,119,-0.0700623448587411,36086,12388,48474,0,true,10711,80640,265919,286927,149231,115929,33302,22.32,434.32,2827.19,30.33
"5530","גזר","גזר","2816","4330","מועצה אזורית","המרכז",29370,8,217,1.16165002923498,6,207,1.09916177274996,46269,72361,118630,0,true,0,182619,274952,274625,116715,77440,39275,33.65,2463.77,6217.88,66.42
"5527","גן רווה","גן רווה","2818","4427","מועצה אזורית","המרכז",6418,8,235,1.38948805267471,7,225,1.53875875019618,12081,16670,28751,0,true,0,46490,61917,61897,23725,16074,7651,32.25,2597.38,7243.69,75.08
"5520","דרום השרון","דרום השרון","2810","4220","מועצה אזורית","המרכז",34938,8,236,1.41597751631977,7,222,1.49023508200213,63199,54675,117874,0,true,0,252920,427222,427169,196362,161492,34870,17.76,1564.91,7239.11,59.2
"5508","הגלבוע","הגלבוע","2762","2308","מועצה אזורית","הצפון",35090,5,118,-0.0981081648619077,3,73,-0.423565423640809,47232,36197,83429,0,true,23210,126251,286843,286764,123110,89529,33581,27.28,1031.55,3597.92,44.01
"5501","הגליל העליון","הגליל העליון","2756","2101","מועצה אזורית","הצפון",20681,7,183,0.602380316990632,1,15,-1.23974258082402,15631,49295,64926,0,true,20010,90634,309324,309247,120850,117572,3278,2.71,2383.59,4382.48,29.3
"5503","הגליל התחתון","הגליל התחתון","2759","2203","מועצה אזורית","הצפון",13414,7,181,0.593536856693167,3,55,-0.559429016529499,23455,41487,64942,0,true,7395,121782,188070,188113,73288,54806,18482,25.22,3092.81,9078.72,64.75
"5554","הערבה התיכונה","הערבה התיכונה","2876","6254","מועצה אזורית","הדרום",6780,7,198,0.791768041396755,1,3,-1.82669481449285,7069,19834,26903,0,true,251,47107.17741,66976,66824.11516,19834,17586,2248,11.33,2925.37,6947.96,70.33
"5578","הר חברון","הר חברון","2900","7778","מועצה אזורית","אזור יהודה והשומרון",11848,5,135,0.0124547790313806,3,43,-0.64620802515192,13421,8649,22070,0,true,26319,39911,194468,194358,101789,90444,11345,11.15,730,3368.59,20.52
"5512","זבולון","זבולון","2783","3112","מועצה אזורית","חיפה",13244,5,129,-0.0143861802233418,5,126,0.0396593839372482,22235,21146,43381,0,true,7269,103495,201649,201644,91541,78438,13103,14.31,1596.65,7814.48,51.32
"5553","חבל אילות","חבל אילות","2874","6253","מועצה אזורית","הדרום",5441,5,123,-0.0554467253812583,1,2,-2.41307429028948,12816,25090,37906,0,true,0,97738,159764,159756,40199,34773,5426,13.5,4611.28,17963.24,61.18
"5529","חבל יבנה","חבל יבנה","2820","4429","מועצה אזורית","המרכז",6630,6,139,0.0692677361923638,6,196,0.891210052986919,8184,33717,41901,0,true,168,52947,76395,76388,32365,18486,13879,42.88,5085.52,7985.97,69.31
"5525","חבל מודיעין","חבל מודיעין","2811","4225","מועצה אזורית","המרכז",24085,7,201,0.8369203556641,7,218,1.4327132203313,32367,128163,160530,0,true,0,214215,286061,285702,110911,59734,51177,46.14,5321.28,8894.12,74.88
"5536","חוף אשקלון","חוף אשקלון","2864","6136","מועצה אזורית","הדרום",20872,7,187,0.648184895648574,5,144,0.164633443884923,23202,33249,56451,0,true,14661,113100,285975,285340,110948,85510,25438,22.93,1593,5418.74,39.55
"5515","חוף הכרמל","חוף הכרמל","2785","3215","מועצה אזורית","חיפה",35970,8,208,1.04329419378981,5,127,0.0442584528438449,78753,42773,121526,0,true,0,203932,373866,373839,163900,128774,35126,21.43,1189.13,5669.5,54.55
"5519","חוף השרון","חוף השרון","2809","4119","מועצה אזורית","המרכז",14587,8,234,1.38003766816054,7,214,1.27617347027796,30547,48874,79421,0,true,0,120355,156176,156169,51761,30386,21375,41.3,3350.52,8250.84,77.06
"5535","יואב","יואב","2863","6135","מועצה אזורית","הדרום",9297,8,212,1.1110384126215,5,147,0.188870906923314,14211,35332,49543,0,true,0,98712,157346,156602,83275,62856,20419,24.52,3800.37,10617.62,62.74
"5518","לב השרון","לב השרון","2808","4118","מועצה אזורית","המרכז",24252,8,221,1.22936321208065,6,197,0.900892648247334,47468.78,44063.616,91532.396,0,true,0,164653,287749,287897,162560,126209,36351,22.36,1816.91,6789.25,57.22
"5550","לכיש","לכיש","2866","6150","מועצה אזורית","הדרום",16252,7,174,0.547525622373388,4,103,-0.141525428004818,17281.787,11390.594,28672.381,0,true,13708,57174,129845,141022,65364,44799,20565,31.46,700.87,3517.97,44.03
"5555","מבואות החרמון","מבואות החרמון","2758","2155","מועצה אזורית","הצפון",9011,7,200,0.799224894535132,1,17,-1.15578459216412,7254,7626,14880,0,true,10220,35972,104500,104350,31176,25695,5481,17.58,846.3,3992.01,34.42
"5513","מגידו","מגידו","2764","2313","מועצה אזורית","הצפון",12836,7,168,0.466504072519644,4,118,-0.0753700302636019,22204,40475,62679,0,true,0,106353,174413,174916,70135,56947,13188,18.8,3153.24,8285.53,60.98
"5574","מגילות ים המלח","מגילות ים המלח","2897","7574","מועצה אזורית","אזור יהודה והשומרון",2786,7,180,0.576215162629972,3,56,-0.552813950529746,3718,8636,12354,0,true,3120,18538,41595,41594,19430,14491,4939,25.42,3099.78,6653.98,44.57
"5504","מטה אשר","מטה אשר","2765","2404","מועצה אזורית","הצפון",32033,7,173,0.52029816317265,3,69,-0.450165267327898,38296,68928,107224,0,true,25231,200948,400433,420571,168293,147705,20588,12.23,2151.78,6273.16,50.18
"5573","מטה בנימין","מטה בנימין","2896","7473","מועצה אזורית","אזור יהודה והשומרון",80968,5,119,-0.0807180235339433,5,149,0.198216577199593,102345,28438,130783,0,true,79718,265184,890510,890425,496227,435563,60664,12.23,351.23,3275.17,29.78
"5526","מטה יהודה","מטה יהודה","2751","1026","מועצה אזורית","ירושלים",51017,7,191,0.757310924593459,6,166,0.420737027149415,67306,132719,200025,0,true,24658,328459,579086,581883,270815,203379,67436,24.9,2601.47,6438.23,56.72
"5514","מנשה","מנשה","2784","3214","מועצה אזורית","חיפה",22676,7,185,0.637839251239665,5,160,0.280849941926226,33846,55930,89776,0,true,5196,154112,264657,257808,88342,72517,15825,17.91,2466.48,6796.26,58.23
"5552","מעלה יוסף","מעלה יוסף","2873","6252","מועצה אזורית","הצפון",12506,7,167,0.465849389588245,2,36,-0.755011759095706,11759,12476,24235,0,true,18126,44654,150575,171292,74527,65901,8626,11.57,997.6,3570.61,29.66
"5502","מרום הגליל","מרום הגליל","2757","2102","מועצה אזורית","הצפון",17361,5,136,0.0160192484810836,2,29,-0.89499233262289,17891,21852,39743,0,true,27045,71246,214907,214834,83262,66567,16695,20.05,1258.68,4103.8,33.15
"5542","מרחבים","מרחבים","2870","6242","מועצה אזורית","הדרום",16015,6,155,0.232420269320654,3,65,-0.471222759944805,19639,31825,51464,0,true,16766,77219,197751,197567,97734,75905,21829,22.34,1987.2,4821.67,39.05
"5556","משגב","משגב","2766","2456","מועצה אזורית","הצפון",30505,7,184,0.61884249249168,3,68,-0.453161609776493,51678,34667,86345,0,true,10725,158504,326425,326425,177897,144664,33233,18.68,1136.44,5196,48.56
"5568","נווה מדבר","נווה מדבר","5455","6268","מועצה אזורית","הדרום",14992,1,1,-2.86462268261514,2,21,-0.999496431050229,51,457,508,0,true,16985,20426,235576,237591,150455,149181,1274,0.85,30.48,1362.46,8.67
"5531","נחל שורק","נחל שורק","2821","4431","מועצה אזורית","המרכז",10682,5,122,-0.0565400414682475,6,178,0.641648040132131,12960,21758,34718,0,true,3094,70713,134787,134712,57248,46122,11126,19.43,2036.88,6619.83,52.46
"5506","עמק הירדן","עמק הירדן","2760","2206","מועצה אזורית","הצפון",16551,7,169,0.474757820443429,2,33,-0.799152058552945,27911,40587,68498,0,true,1731,121625,203498,203439,60668,54640,6028,9.94,2452.24,7348.5,59.77
"5507","עמק המעיינות","עמק המעיינות","2761","2307","מועצה אזורית","הצפון",16631,6,158,0.304011265352971,2,38,-0.734206954578566,29163,38413,67576,0,true,9338,118237,219285,218987,89839,71374,18465,20.55,2309.72,7109.43,53.92
"5516","עמק חפר","עמק חפר","2807","4116","מועצה אזורית","המרכז",43173,8,224,1.24108950967523,6,181,0.667401654971772,90364,91911,182275,0,true,0,282456,472900,472850,227251,171811,55440,24.4,2128.9,6542.42,59.73
"5509","עמק יזרעאל","עמק יזרעאל","2763","2309","מועצה אזורית","הצפון",41445,8,213,1.11473409661279,4,101,-0.154977739980397,66366,107779,174145,0,true,0,320735,517340,517199,238921,178578,60343,25.26,2600.53,7738.81,62
"5575","ערבות הירדן","ערבות הירדן","2898","7575","מועצה אזורית","אזור יהודה והשומרון",7847,6,147,0.165060135807751,3,45,-0.619080032784006,9726,10124,19850,0,true,23250,30015,126428,126394,49976,52511,-2535,-5.07,1290.17,3825.03,23.74
"5548","רמת נגב","רמת נגב","2871","6248","מועצה אזורית","הדרום",10023,6,152,0.205547695062263,1,16,-1.20840915392456,17010,47480,64490,0,true,0,146754,213171,211323,65746,49106,16640,25.31,4737.1,14641.72,68.84
"5540","שדות דן","שדות דן","2817","4340","מועצה אזורית","המרכז",16283,6,150,0.185186921459888,8,232,1.97154608578318,22967,49074,72041,0,true,0,97323,168715,166043,78064,47485,30579,39.17,3013.82,5976.97,57.68
"5539","שדות נגב","שדות נגב","2868","6239","מועצה אזורית","הדרום",12777,6,149,0.184724417482138,3,80,-0.356124294840622,8558,20230,28788,0,true,17533,52974.5,148388.2,148382,54988,34943,20045,36.45,1583.31,4146.08,35.7
"5572","שומרון","שומרון","2894","7372","מועצה אזורית","אזור יהודה והשומרון",48038,6,157,0.271920649652301,5,155,0.24731900916334,47474,44848,92322,0,true,49444,161262,588280,588296,360352,305784,54568,15.14,933.59,3356.97,27.41
"5537","שער הנגב","שער הנגב","2865","6137","מועצה אזורית","הדרום",9806,7,193,0.769407841452294,4,93,-0.237654404170393,4829,24134,28963,0,true,4598,65478,210452,211928,91324,81191,10133,11.1,2461.15,6677.34,31.11
"5534","שפיר","שפיר","2862","6134","מועצה אזורית","הדרום",14842,5,124,-0.054554409212045,5,142,0.158155728137278,15606,23728,39334,0,true,6952,112261,198143,210363,91658,68837,22821,24.9,1598.71,7563.74,56.66
"5551","תמר","תמר","2872","6251","מועצה אזורית","הדרום",2138,7,179,0.576073557894829,1,13,-1.24818605789966,3202,157917,161119,0,true,0,209720,220556.25365,217708.86627,28815.74644,5265.05419,23550.69,81.73,73862.02,98091.67,95.09
